file,begin,end,speaker,overall_log_likelihood,speech_log_likelihood,phone_duration_deviation,snr
ours-07-stress,0.0,2.7549886621315194,ours-07-stress,-56.12619593523551,-59.972594261169434,1.1529024051929553,10.817449554391091
